{
  "mace": {
    "min_A": 1.6152173913043477,
    "max_A": 3.841304347826086,
    "saddle_A": 2.232609,
    "saddle_kJmol": 77.198015,
    "saddle_eV": 0.8001010477646454,
    "plateau_kJmol": 67.9307536,
    "plateau_eV": 0.7040526512346459,
    "deltaF_max_kJmol": 226.83757575459086,
    "deltaF_max_eV": 2.3510058132147607
  },
  "chgnet": {
    "min_A": 1.5543478260869565,
    "max_A": 3.8673913043478256,
    "saddle_A": 2.406522,
    "saddle_kJmol": 31.010787,
    "saddle_eV": 0.32140416007725386,
    "plateau_kJmol": 32.61064986956522,
    "plateau_eV": 0.33798557034044374,
    "deltaF_max_kJmol": 231.36553691802067,
    "deltaF_max_eV": 2.397934823903673
  },
  "agreement_diff_eV": {
    "saddle": 0.47869688768739155,
    "plateau": 0.36606708089420215
  }
}