{
  "model": "TM6v3_minimal",
  "task": "B1",
  "variables": [
    "A (формиат)",
    "M (пентландит+макинавит)",
    "Fe (Fe²⁺)"
  ],
  "architecture": "РЕШЕНИЕ-037 (G3c)",
  "params": {
    "k1": 0.0001,
    "Ka": 0.0007,
    "f1": 0.005,
    "Km_f": 0.0005,
    "km": 0.03,
    "k_fe_gen": 5e-05,
    "fe_supply": 5e-08,
    "kd_A": 0.0001,
    "kd_m": 3e-06,
    "kd_fe": 0.0003
  },
  "steady_state": {
    "values_mM": {
      "a": 4.819871,
      "m": 31.36655,
      "fe": 0.654512
    },
    "alive": "True"
  },
  "stability": {
    "stable": true,
    "max_real_eigenvalue": -2.923278055087591e-06,
    "lambda_att": 2.923278055087591e-06,
    "tau_relax_hours": 95.02270141368903
  },
  "homeostasis": {
    "perturbation": -0.95,
    "a_final_mM": 4.817706880989695,
    "recovery_fraction": 0.9995509916707291,
    "recovered": true,
    "t_recovery_90pct_hours": 8.432432432432433
  },
  "autopoiesis": {
    "km_zero": {
      "description": "km=0: мембранообразование заблокировано (2000 ч)",
      "A_final_mM": 5.085148241153967e-236,
      "M_final_mM": 1.3052866825153578e-08,
      "Fe_final_mM": 0.1666666666666671,
      "alive": false,
      "expected": "dead (M деградирует → f1_eff→0 → A→0)"
    },
    "all_zero": {
      "description": "A(0)=0, M(0)=0: нет seed формиата",
      "A_final_mM": 0.0,
      "M_final_mM": 0.0,
      "Fe_final_mM": 0.16666666666666713,
      "alive": false,
      "expected": "dead (Hill(0)=0 → R1=0)"
    },
    "control": {
      "description": "Нормальный стационар (контроль)",
      "A_final_mM": 4.82012501140126,
      "M_final_mM": 31.464728499995825,
      "Fe_final_mM": 0.6545293544133532,
      "alive": true,
      "expected": "alive (A→A*)"
    },
    "M0_zero_A_alive": {
      "description": "M(0)=0, A(0)=A*: самовосстановление мембраны",
      "A_final_mM": 4.807255671688266,
      "M_final_mM": 27.166562809993575,
      "Fe_final_mM": 0.6536428865790491,
      "alive": true,
      "expected": "alive (A→Fe→M→f1→R1→A: автопоэтическая петля)"
    },
    "pass": true
  },
  "bistability": {
    "n_bistable": 29,
    "scan": [
      {
        "f1": 0.0001,
        "A_alive_mM": 3.155588739566496e-31,
        "A_dead_mM": 5.377324287791508e-35,
        "bistable": false,
        "alive_from_high": false,
        "alive_from_low": false
      },
      {
        "f1": 0.00011513953993264469,
        "A_alive_mM": 3.236468913988192e-31,
        "A_dead_mM": 5.377323849585605e-35,
        "bistable": false,
        "alive_from_high": false,
        "alive_from_low": false
      },
      {
        "f1": 0.00013257113655901095,
        "A_alive_mM": 3.333489287394781e-31,
        "A_dead_mM": 5.377324309312898e-35,
        "bistable": false,
        "alive_from_high": false,
        "alive_from_low": false
      },
      {
        "f1": 0.00015264179671752333,
        "A_alive_mM": 3.4506708204321788e-31,
        "A_dead_mM": 5.377322968955956e-35,
        "bistable": false,
        "alive_from_high": false,
        "alive_from_low": false
      },
      {
        "f1": 0.00017575106248547912,
        "A_alive_mM": 3.5933574148336857e-31,
        "A_dead_mM": 5.377324346916188e-35,
        "bistable": false,
        "alive_from_high": false,
        "alive_from_low": false
      },
      {
        "f1": 0.00020235896477251576,
        "A_alive_mM": 3.7687899836467846e-31,
        "A_dead_mM": 5.37732300180468e-35,
        "bistable": false,
        "alive_from_high": false,
        "alive_from_low": false
      },
      {
        "f1": 0.00023299518105153718,
        "A_alive_mM": 3.986999638056896e-31,
        "A_dead_mM": 5.377323031038236e-35,
        "bistable": false,
        "alive_from_high": false,
        "alive_from_low": false
      },
      {
        "f1": 0.00026826957952797245,
        "A_alive_mM": 4.262241797798007e-31,
        "A_dead_mM": 5.377323502553962e-35,
        "bistable": false,
        "alive_from_high": false,
        "alive_from_low": false
      },
      {
        "f1": 0.00030888435964774815,
        "A_alive_mM": 4.615383740755539e-31,
        "A_dead_mM": 5.377323081180317e-35,
        "bistable": false,
        "alive_from_high": false,
        "alive_from_low": false
      },
      {
        "f1": 0.00035564803062231287,
        "A_alive_mM": 5.078049877297427e-31,
        "A_dead_mM": 5.377323103087062e-35,
        "bistable": false,
        "alive_from_high": false,
        "alive_from_low": false
      },
      {
        "f1": 0.00040949150623804275,
        "A_alive_mM": 5.700182730111094e-31,
        "A_dead_mM": 5.377323138663717e-35,
        "bistable": false,
        "alive_from_high": false,
        "alive_from_low": false
      },
      {
        "f1": 0.00047148663634573947,
        "A_alive_mM": 6.564668129716068e-31,
        "A_dead_mM": 5.377324533243088e-35,
        "bistable": false,
        "alive_from_high": false,
        "alive_from_low": false
      },
      {
        "f1": 0.0005428675439323859,
        "A_alive_mM": 7.817712490673265e-31,
        "A_dead_mM": 5.377324132197494e-35,
        "bistable": false,
        "alive_from_high": false,
        "alive_from_low": false
      },
      {
        "f1": 0.0006250551925273976,
        "A_alive_mM": 9.737751537776442e-31,
        "A_dead_mM": 5.377323290165826e-35,
        "bistable": false,
        "alive_from_high": false,
        "alive_from_low": false
      },
      {
        "f1": 0.0007196856730011522,
        "A_alive_mM": 1.2910311389062846e-30,
        "A_dead_mM": 5.377324697235198e-35,
        "bistable": false,
        "alive_from_high": false,
        "alive_from_low": false
      },
      {
        "f1": 0.0008286427728546842,
        "A_alive_mM": 1.874242473423496e-30,
        "A_dead_mM": 5.377323424681835e-35,
        "bistable": false,
        "alive_from_high": false,
        "alive_from_low": false
      },
      {
        "f1": 0.0009540954763499944,
        "A_alive_mM": 3.1320227391384376e-30,
        "A_dead_mM": 5.377323955698383e-35,
        "bistable": false,
        "alive_from_high": false,
        "alive_from_low": false
      },
      {
        "f1": 0.0010985411419875584,
        "A_alive_mM": 6.652530925301192e-30,
        "A_dead_mM": 5.37732360301128e-35,
        "bistable": false,
        "alive_from_high": false,
        "alive_from_low": false
      },
      {
        "f1": 0.0012648552168552957,
        "A_alive_mM": 2.276284093095502e-29,
        "A_dead_mM": 5.377325057444135e-35,
        "bistable": false,
        "alive_from_high": false,
        "alive_from_low": false
      },
      {
        "f1": 0.0014563484775012444,
        "A_alive_mM": 2.798472963206173e-28,
        "A_dead_mM": 5.37732383942461e-35,
        "bistable": false,
        "alive_from_high": false,
        "alive_from_low": false
      },
      {
        "f1": 0.0016768329368110084,
        "A_alive_mM": 5.431966173191478e-23,
        "A_dead_mM": 5.37732397603177e-35,
        "bistable": false,
        "alive_from_high": false,
        "alive_from_low": false
      },
      {
        "f1": 0.0019306977288832496,
        "A_alive_mM": 1.3643783535292682,
        "A_dead_mM": 5.377324600967059e-35,
        "bistable": true,
        "alive_from_high": true,
        "alive_from_low": false
      },
      {
        "f1": 0.0022229964825261957,
        "A_alive_mM": 1.779527014462264,
        "A_dead_mM": 5.377324345888069e-35,
        "bistable": true,
        "alive_from_high": true,
        "alive_from_low": false
      },
      {
        "f1": 0.002559547922699536,
        "A_alive_mM": 2.190887628760517,
        "A_dead_mM": 5.377325912885075e-35,
        "bistable": true,
        "alive_from_high": true,
        "alive_from_low": false
      },
      {
        "f1": 0.0029470517025518097,
        "A_alive_mM": 2.6325685714354403,
        "A_dead_mM": 5.377326168919924e-35,
        "bistable": true,
        "alive_from_high": true,