{
  "scenario_a_original": {
    "n_windows": 18,
    "saddle_d_FeH": 2.2326086956521736,
    "saddle_F_kjmol": 77.19801473869511,
    "saddle_F_eV": 0.8001010450564111,
    "plateau_F_kjmol": 67.36411776464784,
    "plateau_F_eV": 0.6981798846153714
  },
  "scenario_b_merged": {
    "n_windows": 20,
    "centers": [
      1.5,
      1.65,
      1.8,
      1.95,
      2.1,
      2.18,
      2.25,
      2.32,
      2.38,
      2.55,
      2.7,
      2.85,
      3.0,
      3.15,
      3.3,
      3.45,
      3.6,
      3.75,
      3.9,
      4.0
    ],
    "saddle_d_FeH": 2.1717391304347826,
    "saddle_F_kjmol": 75.7625644516072,
    "saddle_F_eV": 0.7852236511400896,
    "plateau_F_kjmol": 65.57429837796442,
    "plateau_F_eV": 0.6796297137774958
  },
  "delta_saddle_eV": -0.014877393916321455,
  "delta_plateau_eV": -0.018550170837875544
}